{"cameraMode":{"drawMode":0,"name":"Shaded","section":"Shading Mode"},"sceneLighting":true,"audioPlay":false,"sceneViewState":{"m_AlwaysRefresh":false,"showFog":true,"showSkybox":true,"showFlares":true,"showImageEffects":true,"showParticleSystems":true,"showVisualEffectGraphs":true,"m_FxEnabled":true},"in2DMode":false,"pivot":{"x":-0.7918186187744141,"y":-0.19704806804656983,"z":-11.239255905151368},"rotation":{"x":0.0012437482364475728,"y":0.9964495897293091,"z":0.014947770163416863,"w":-0.08289626985788346},"size":11.50022029876709,"orthographic":false}