{"cameraMode":{"drawMode":0,"name":"Shaded","section":"Shading Mode"},"sceneLighting":true,"audioPlay":false,"sceneViewState":{"m_AlwaysRefresh":false,"showFog":true,"showSkybox":true,"showFlares":true,"showImageEffects":true,"showParticleSystems":true,"showVisualEffectGraphs":true,"m_FxEnabled":true},"in2DMode":false,"pivot":{"x":237.70465087890626,"y":27.56747055053711,"z":405.12249755859377},"rotation":{"x":-0.09569296985864639,"y":0.05749843269586563,"z":-0.005539330653846264,"w":-0.9937397837638855},"size":30.235830307006837,"orthographic":true}